{"cameraMode":{"drawMode":0,"name":"Shaded","section":"Shading Mode"},"sceneLighting":true,"audioPlay":false,"sceneViewState":{"showFog":true,"showMaterialUpdate":false,"showSkybox":true,"showFlares":true,"showImageEffects":true,"showParticleSystems":true},"in2DMode":false,"pivot":{"x":-18.695030212402345,"y":-23.22927474975586,"z":880.9844360351563},"rotation":{"x":-0.02131502702832222,"y":-0.0008945806766860187,"z":0.000020554383809212595,"w":-0.9997724294662476},"size":1047.121337890625,"orthographic":false}