{"cameraMode":{"drawMode":0,"name":"Shaded","section":"Shading Mode"},"sceneLighting":true,"audioPlay":false,"sceneViewState":{"showFog":true,"showMaterialUpdate":false,"showSkybox":true,"showFlares":true,"showImageEffects":true,"showParticleSystems":true},"in2DMode":false,"pivot":{"x":-30.892370223999025,"y":-13.975162506103516,"z":881.3198852539063},"rotation":{"x":-0.01681576482951641,"y":0.003604767145588994,"z":-0.000059138295910088345,"w":-0.9998521208763123},"size":1151.4598388671875,"orthographic":false}