{"cameraMode":{"drawMode":0,"name":"Shaded","section":"Shading Mode"},"sceneLighting":true,"audioPlay":false,"sceneViewState":{"showFog":true,"showMaterialUpdate":false,"showSkybox":true,"showFlares":true,"showImageEffects":true,"showParticleSystems":true},"in2DMode":false,"pivot":{"x":-9.914340019226075,"y":39.982784271240237,"z":412.3118896484375},"rotation":{"x":-0.007480110041797161,"y":-0.0006146939704194665,"z":-0.0000068121471485937949,"w":0.999971866607666},"size":539.0455322265625,"orthographic":false}